sno.,tweets,tagname
1,Apart from fantastic rugby today weve also seen respect to officials no cheating or cynicism honesty amp commitmen,football
2,Football is just the vehicle A STRONGER Community Is the DESTINATION NFL Football CFL NCAAF Gators,football
3, The calm before the storm mustang broncos football wintoday,football
4,Can we reach followers by the end of the day SaturdayMotivation football awaydays,football
5, En ROSE aujourdhui pour soutenir la lutte contre le cancer octobrerose luttecontrelec,football
6,LaLiga Eibar Barcelona Watch HD live stream football EibarBara,football
7,Good Morning football fans Coffee with Coach before the game golords nextonewins darkside,football
8, MATCHDAY Olympiacos FC vs OFI FC Slgr G Karaiskakis Stadium lympiacos Matchday Football Legend,football
9,One of my favourite days at the Academy Dog Day The kids love it and the coach a bit too,football
10,Ricky Williams Heisman Trophy Sells at Auction for Record Breaking k ncaa football,football
11,Fun with the Academy at Dog Day football soer youthfootballcoach youthfootball youthsoer,football
12,Non slectionn parmi les lionceaux qui vont dfendre les couleurs nationales au Brsil lattaquant de lAS Rom,football
13, x Premier league is back Hoo fucking ray Bit miffed have to wait until Monday to see the mighty Arsenal but thank fook t,football
14, Happy to collaborate with to promote grassroots level football Here is my very own Singappenn,football
15,Sunny skies covering afcbournemouth v norwichcity football premierleague reporting radio vitalitystadium,football
16, football GAMBAOSAKA football soer,football
17, FR Concours Freebets Trouvez le total de buts inscrits pendant le match x de freebets offerts Rponse pse,football
18,Look fab in VOLT Play for your dream kityourdreams football footballworld footballfashion,football
19,Genius well done tone football,football
20, Happy to collaborate with to promote grassroots level football Here is my very own Singappenn,football
21,soer football,football
22, Football Hamel Thiam prt faire feu dans l attaque de l aprs avoir attendu le mois d octobre pour joue,football
23, En ROSE aujourdhui pour soutenir la lutte contre le cancer octobrerose luttecontrelec,football
24, Et donc today direction Diochon pour la rencontre entre le er et e Gros match Rouen foot,football
25, club Trimdonveteransfc football upthevets Sedgefield,football
26, step by step team gae kowet won keukenkampioendivisie friday football voetbal assist D,football
27, Its GAMEDAY weare pennstate football BeatMichigan collegegameday,football
28,Find Friday night s football results state scores photos and more from the crew at,football
29, Me and Dad are off to Elland Road to watch take on on their centenary Lets hope the result goes o,football
30,Theres nothing better than international break being over Welcome back domestic leagues epl SerieA soer,football
31,Me and Dad are off to Elland Road to watch take on on their centenary Lets hope the result,football
32, whatthesport Jadon Sancho Dropped From Dortmund Squad Following Late Return From England Duty football wha,football
33,Jadon Sancho Dropped From Dortmund Squad Following Late Return From England Duty football,football
34, Great SAQ drill sent to us by yd saq football soer Coach coaching Training,football
35,Nothing better than football Season starts tomorrow Enjoying the challenges that come with it,football
36,football soer nfl sports futbol sport like fifa premierleague calcio follow messi,football
37, FR Concours Freebets Trouvez le total de buts inscrits pendant le match x de freebets offerts Rponse pse,football
38,TTYL Im heading to Wicks for College Gameday college football wickedgoodpizza wickspizza gameday drinks,football
39,CONTACT FOR DETAILS WHATSAPP fixedmatch fixedbet bet bovada bwin betathome williamhill,football
40,The reviews are in PrimeD is changing the game RealKetones ChangeYourLife,football
41,Grce notre promo braquo gagnez de bonus en pariant sur le match Nimes Amiens Francepari,football
42,Take a look at this inspiring article from about our book Race and Football in America The Life an,football
43,Todays entertainment spurs galvinatwindows londontown football,football
44,Crystal Palace Man City Sat th Oct KO pm Madisons Selhurt Park Premier League MadisonsCafeBar,football
45, FR Concours Freebets Trouvez le total de buts inscrits pendant le match x de freebets offerts Rponse pse,football
46,Get a chance to win minimum GOAL tokens game starts in hours Link goalbonanza,football
47,Jobsfootball are directly sourcing a Head Coach for an ambitious Thailand based Club UEFA A Minimum Asian Experi,football
48,New pick for New York Yankees vs Houston Astros Betting NCAAF Sportsbetting MLB,football
49, Tiff Pro Region Champs Super Proud of this Team Go Dawgs We LOVE U and opelikafootball football fridayni,football
50,Get a chance to win minimum GOAL tokens game starts in hours Link goalbonanza,football
51,A new selection of today s forecasts soer football Apple Android iOS calcio Bundesliga FCAFCB,football
52,activeYouth Boxing Basketball Football Alma Street Community Play Area Leyton road Stratford ,football
53, Whats the local ghanaian term for this football stunt Comment saturday,football
54, Very good competitive our boys played really well and the new addition our squad fitted in really well so the,football
55,O Trophy Manager um jogo de gesto futebolistica O jogo grtis TrophyManager football futebol,football
56,Finally able to watch LaLiga through facebookwatch I had to buy a new TV but I can finally watch FCBarcelona pla,football
57, FR Concours Freebets Trouvez le total de buts inscrits pendant le match x de freebets offerts Rponse pse,football
58,New pick for Indianapolis Colts vs Pittsburgh Steelers Betting NCAAF Sportsbetting MLB,football
59, Happy to collaborate with to promote grassroots level football Here is my very own Singappenn,football
60,en VCFLibertex Libertex ValenciaCF LaLigaSantander Football FutureisNowVCF AtletiValencia AmuntValencia,football
61,New pick for New York Jets vs Miami Dolphins Betting NCAAF Sportsbetting MLB,football
62, football GAMBAOSAKA football soer,football
63,Lots of local artists showcasing at the Chorlton makersmarket today supportlocal,football
64, Great SAQ drill made by plus fitness at club saq futsal football soer coach coaching Training ht,football
65,New pick for Miami Dolphins vs Pittsburgh Steelers Betting NCAAF Sportsbetting MLB,football
66,VCFLibertex Libertex ValenciaCF LaLigaSantander Football FutureisNowVCF AtletiValencia AmuntValencia,football
67,All ready for the match Siennas st game Come on you Wolves Wolves WOLSOU DaddyDayCare football,football
68,New pick for New York Jets vs Jacksonville Jaguars Betting NCAAF Sportsbetting MLB,football
69,Very good competitive our boys played really well and the new addition our squad fitted in really we,football
70,New pick for New York Giants vs Detroit Lions Betting NCAAF Sportsbetting MLB,football
71,Weekend off to a good start with a win Great to the players putting their training into practice,football
72,New pick for Philadelphia Eagles vs Buffalo Bills Betting NCAAF Sportsbetting MLB,football
73,B L E S S E D B Y T H E A C C A G O D S down to men min min pen snatches win surely I m,football
74, MatchDay Week FC GABALA QARABAG FK GABQAR KESHLA FK SABAH FC KESSBH APL Azerbaijan PremierLe,football
75,Tip for Premium Members Plus FREE TIPS on the site BEST OF LUCK Subscribe t,football
76,This afternoon we have plenty live and many more football matches available for you,football
77,Last minute bet OUTSIDER BET on RUS DC FK Kvant Obninsk FK Kaluga Pick FK Kaluga at betting bet,football
78,Three senior football teams on route to Winchester College football,football
79, football GAMBAOSAKA football soer,football
80,Le magnifique geste de Ruud Vormer qui fait le tour du web bruges football ldc,football
81,evewhu football,football
82,Nothing better than a game of football on a Saturday afternoon oldparms football COYP halftermstartsnow,football
83,RMF Reporting Match Fixing and not only More news about this platform in our Congress on Dec th in The,football
84, FIFA President inaugurates new Forward project in Mongolia His visit coincided with the celebratio,football
85, Cunt of the week Nominated by you when voted Formula motorracing lewishamilton ExtentionRebellion dup Brex,football
86, bigilrainbowflickchallenge BigilDiwali bigil football verithanam production,football
87,ClubFootball is back with some match ups ThisWeekend Don t sit at home join us viewingcentre,football
88, Sourav Ganguly will be in Kochi to watch the ISL inauguration match between KeralaBlasters and ATK on Sunday RanjiKe,football
89, football GAMBAOSAKA football soer,football
90, Jai une cote vous proposer amp FAV TeamParieur football Bundesliga PremierLeague buteurs,football
91, football GAMBAOSAKA football soer,football
92, The pose you strike when you know that the PREMIER LEAGUE IS BACK this weekend Pic from Pak N Go listen,football
93, whatthesport Vivianne Miedema The Record Breaking Striker Who Shies Away from the Spotlight football what,football
94, whatthesport Mauricio Pochettino Calls on Stand in Captain Harry Kane to Act Natural in Hugo Lloris Absence,football
95,Vivianne Miedema The Record Breaking Striker Who Shies Away from the Spotlight football,football
96,Mauricio Pochettino Calls on Stand in Captain Harry Kane to Act Natural in Hugo Lloris Absence,football
97, In collaboration with our friends over at will be touring a show this Autumn all about Laurie Cu,football
98,Palabras de Sadio Man estrella del Liverpool Campen de Europa y lder invicto de la actual Premier League,football
99,Gabon Guyana footbot football Gabon Guyana,football
100,It s gameday Whether you are in St Paul or watching from afar get everything you need to know to be game day,football
101,FIFA President inaugurates new Forward project in Mongolia His visit coincided with the celeb,football
102, football GAMBAOSAKA football soer,football
103,PRE LIVE Swansea xbet IF YOU RE IN JOIN VIP LiveBet INPLAY,football
104,Norways King Harald V is Ole Gunnar Solskjaers guest at tomorrows game vs Liverpool Trouble is the year old,football
105, SLC Tell us again how no one wants to watch womens sport sport womenssport broadcast media football soer worldcup,football
106,hares gaffer shaw away arlesey haresontour awaydays Harefield united nonleague senior football club,football
107,Best of luck to the Minor Footballers who take on Naomh Olafs in the Minor B Championship in the club at am tomor,football
108,Trabalhar mais um cadim elconde kilowog antonov souaka valemospeloquesomos futebol euvistoicone soer,football
109, Armed Forces buat Kuching FA kecewa di Stadium Mindef Football Malaysia,football
110, SalanaIjtema Sports amp Games event inspection ceremony Youth Muslim India Peace Pluralism Sports Football,football
111,Our football aumulator tips for the weekend Copy amp win PremierLeague Championship SerieA LaLiga,football
112, football GAMBAOSAKA football soer,football
113,Juve porte girevoli Il Milan pu cedere Donnarumma Paratici in agguato calcio,football
114, Chennai get ready World Football Schools now training on weekends Visit or ,football
115, Client Satisfait Marseillais marseillaise portez firement vos couleurs TT cameroun cameroon marseille,football
116, soer football,football
117,SalanaIjtema Sports amp Games event inspection ceremony Youth Muslim India Peace Pluralism Sports,football
118,Good luck to V today Dont forget our meal deal is available pre amp post game Curry amp,football
119,Some highschoolfootball action between and glenelggladiatorsfootball riverhillhighschool glenelg,football
120, Predict the score and in today s MOTW and we will give the first correct an,football
121, bigilrainbowflickchallenge BigilDiwali bigil football verithanam production,football
122,In a week that has seen disappointing scenes in Bulgaria Im supporting the premier leagues campaign,football
123, bigilrainbowflickchallenge BigilDiwali bigil football verithanam production,football
124,Leicester lose to Norwich on Pongis somewhere in Europe ,football
125,football soer nfl sports futbol sport like fifa premierleague calcio follow messi,football
126,football soer nfl sports futbol sport like fifa premierleague calcio follow messi,football
127,football soer nfl sports futbol sport like fifa premierleague calcio follow messi,football
128,football soer nfl sports futbol sport like fifa premierleague calcio follow messi,football
129,football soer nfl sports futbol sport like fifa premierleague calcio follow messi,football
130,football soer nfl sports futbol sport like fifa premierleague calcio follow messi,football
131, la MT but de Griezmann L quipe de offre une belle rsistance avec de no,football
132,Much better from the lads today win against the North Shields Pineapple Makes a Saturday so much better,football
133, Our U football team is in Bangladesh taking part in a four nation UEFA development tournament After an impressiv,football
134,Messi intent trollear al portero pero no esperaba una futbol soer football,football
135,With this company you capture the moment of life tokyo japan photooftheday city autumn winter,football
136,Last minute bet STRONG FAVORITE BET on GER RegS SV Elversberg Astoria Walldorf Pick SV Elversberg at ,football
137,Football Cricket Rugby Tennis Work Home Street Pub Nightclub Park NoRoomForRacism SayNoToRacism,football
138,Last minute bet OUTSIDER BET on RUS DS Spartak Nalchik SKA Rostov Pick SKA Rostov at betting bet,football
139, Happy to collaborate with to promote grassroots level football Here is my very own Singappenn,football
140,Friday Nigh Live With Mike Roden amp Nick Long football highschool Podcast,football
141, football GAMBAOSAKA football soer,football
142,this littke Baggie boy in training baggies albion Championship training baggyboy grandson football,football
143, SHOCKING Adam Lallana stats which show why Liverpool are keen to offload former England man lfc Liverpool PremierLeagu,football
144,First home game for Max and George Following in big brother Harry footsteps playing in fa,football
145, Eric Dier with a strong no deal challenge on Sergio Ramos worthy of a knighthood Brexit football letthemknowyoureth,football
146, Hey Football Athletics here are my photos fro,football
147, Happy to collaborate with to promote grassroots level football Here is my very own Singappenn,football
148, soer football,football
149, Follow FollowBack Footy Football Keyrings Sports AVFC MUFC AFC CFC MCFC Chelsea Villa ManU ManCity Arsen,football
150,Juve Sarri fa chiarezza su Rugani ma il futuro del difensore pu cambiare a breve,football
151, football GAMBAOSAKA football soer,football
152,At sports especially Football the NoRacism slogan is just an slogan and nothing more,football
153,Racism in football is real Romelu Lukaku was racially abused during the Inter Milan game,football
154,football soer Capacious Waterproof Crossbody Sport Bag,football
155, Merci de la visite match retour chez toi football rugby iloveubb bordeaux,football
156,A little bit of a trailer my Prethoughts about the game coming soon I cant wait for action for,football
157,Our weekend s Match Result amp BTTS tips Copy amp win up to betting,football
158,TeamParieur Football pronostic,football
159, football GAMBAOSAKA football soer,football
160,Calendrier des liminatoires de la CAN Proivoiriens Sport Football CivSport,football
161,A graphical illustration of Ellandroad home of celebrating their years birthday Bielsa amp his bo,football
162,Foot Fil Info gt SC Schiltigheim FR Haguenau partir de gt football,football
163, football GAMBAOSAKA football soer,football
164,Chennai get ready World Football Schools now training on weekends Visit or,football
165, football GAMBAOSAKA football soer,football
166, Whether it s for training or for a match our brand new all weather pitch is the perfect football venue Find out mor,football
167, Please sign justice for my Brother Rob Spray football Englandfc England WBA matchofday Liverpoolfc astonvilla wolv,football
168,Potential underrated game today between amp keep your eye on it football CFB,football
169, mc Anche CristianoRonaldo sgarra A volte mangio la pizza con mio figlio Today s Day pizza ForzaJuve Juv,football
170, Eric Dier with a strong no deal challenge on Sergio Ramos worthy of a knighthood Brexit football letthemknowyoureth,football
171, football GAMBAOSAKA football soer,football
172, mc Anche CristianoRonaldo sgarra A volte mangio la pizza con mio figlio Today s Day pizza ForzaJuve Juv,football
173,Mariners pay the penalty as Jets level football FTBL ALeague,football
174,Mariners pay the penalty as Jets level football FTBL ALeague,football
175,Chiesa Fiorentina in arrivo la rottura La Juve pronta ed pi sicura del colpo,football
176, Football Volont permanente de jouer petits djeuners collectifs mises au vert supprimes entretiens individuels hebdo,football
177,Anche CristianoRonaldo sgarra A volte mangio la pizza con mio figlio Today s Day pizza ForzaJuve,football
178, football GAMBAOSAKA football soer,football
179, football GAMBAOSAKA football soer,football
180, Ready to go in the SkySports studio today covering Everton v WestHam amp Palace v ManCity football,football
181, FOOTBALL who blocked a CB West field goal in the final minute Q amp also ran for a TD in the st OT talks,football
182, bigilrainbowflickchallenge BigilDiwali bigil football verithanam production,football
183, Look out for these guys putting the burners on this weekend PremierLeague EPL Football,football
184,live on our screens today here Bradford ukpubs cheapbeer football skysports,football
185, Love football We love it too Captn Football Soer Pakistan England US Germany France Japan,football
186,Good Morning am wakeup breakfast protein pancake Diner style ready to take flight,football
187,Our Love VAR Hate VAR T Shirt is now available to purchase on Amazon UK var,football
188,Everton vs West Ham Live Stream Match Facts Live Scores everton westham hammers goodisonpark evewha,football
189,Enjoy an afternoon beer or two whilst watching all the latest sports on our bar screens LIVE weekend,football
190,FOOTBALL are set to host FREE Cerebral Palsy football sessions this winter The sessions ar,football
191,live on our screens today here Bradford ukpubs cheapbeer football skysports,football
192, Happy to collaborate with to promote grassroots level football Here is my very own Singappenn,football
193, football GAMBAOSAKA football soer,football
194, football antlers football soer,football
195,JadonSancho Football FOOTBALL TEEN STAR JADON SANCHO SUSPENDED BY HIS TEAM BORUSSIA DOMUND FOR BEING LATE,football
196, Hey If any sports club have spare usable kit or equipment lying around they would be happy to donate to us for recycling,football
197,Everton vs West Ham is a proper Premier League game isnt it EVEWHU football,football
198, football GAMBAOSAKA football soer,football
199,Kenan Karaman Fortuna Dsseldorf footballmanager fm fm football trkfutbolu fm,football
200, G soer football,football
201, football GAMBAOSAKA football soer,football
202,live on our screens today here Bradford ukpubs BTsport football,football
203,Ready to go in the SkySports studio today covering Everton v WestHam amp Palace v ManCity,football
204,GAMBAOSAKA football soer,football
205,G soer football,football
206,Twitter just suspended the best epl streaming aount I managed to find Thanks Nobody has managed to justif,football
207, MATCHDAY Olympiacos FC vs OFI FC Slgr G Karaiskakis Stadium lympiacos Matchday Football Legend,football
208,EmreCan a un bivio pu costringere la Juventus alla cessione Arrivano le prime offerte,football
209, Now Hiring Pro Wrestlers for New Brand ATTITUDEWRESTLING All Athletes Experience amp Non Experienced Professional Athl,football
210,Kaan Ayhan Fortuna Dsseldorf footballmanager football fm fm fm trkiye,football
211, Happy to collaborate with to promote grassroots level football Here is my very own Singappenn,football
212,JUST IN Another Nigerian wants Super Eagles call up More info here laliga seriea,football
213, GIVEAWAY To enter Follow Comment your size Retweet giveaway airmax nike trainers mensshoes mensfashion adid,football
214,Jai une cote vous proposer amp FAV TeamParieur football Bundesliga PremierLeague buteurs,football
215, Happy to collaborate with to promote grassroots level football Here is my very own Singappenn,football
216,In collaboration with our friends over at will be touring a show this Autumn all about Lau,football
217,Playtive football nike,football
218,Liga o en sont les clubs basques Football,football
219,Gkhan Gl Fortuna Dsseldorf footballmanager football fm fm fm trkiye germany,football
220, niort Football District des Deux Svres les matches des et octobre remis,football
221,Sabato dopo gg di pausa che sono sembrati mesi finalmente il pallone torna a rotolare su prati pi o,football
222,Griezmann pic corri slo metros y no perdon futbol soer football argentina,football
223,Hey U R terrible In u can t fix a mobile game servers Now I know how made the mgs Franchis,football
224,Now you see him now you don t Navlakhi s on fire are you Could you do it better Sign up for,football
225,Love a game of football Want to support a local charity Then sign up for s hr Charity Football A T,football
226,Philippe Clement a une ide novatrice pour la Pro League bruges football ldc,football
227,We are always on the look out for new referees to join the team here at Goals If you are interested please give us,football
228,A depleted Spurs host WatfordFC as club football returns Catch up on all the key battles ahead of TOTWAT,football
229,Stoke are back home today to take on Fulham What are your predictions Let us know Need to get to the game Dow,football
230,Everton vs West Ham Live Match Facts Streaming Info Premier League via,football
231,Barcelona kosovo albania football goal infutbooll infootball,football
232,LCFC Teams Up With Amnesty International For Football Welcomes Project via,football
233,LIVE Dinamo Kiev Riserve v PFC Oleksandria Riserve Over DodooRank,football
234,Gopalan sports congratulate for GopalanNationalschool making place in the final of Gopalanfootballshield,football
235,PRE LIVE Levadia Over Goals FT xbet IF YOU RE IN JOIN VIP,football
236,TPL PL Football,football
237, MM soer football,football
238,Would you like to see the stats you could be using to help your teams win matches Click here to have a play,football
239, Hey If any sports club have spare usable kit or equipment lying around they would be happy to donate to us for recycling,football
240,Blackburn vs Huddersfield LIVE football,football
241,Blackburn vs Huddersfield LIVE football,football
242,J football soer JLeague consadole sapporo hokkaido,football
243,Tra lo United e Mandzukic si inserisce il Milan Maldini prepara l assalto al croato,football
244,A big day of Football in store Our analysts have picked out an aumulator for todays pm action A stake r,football
245, Happy to collaborate with to promote grassroots level football Here is my very own Singappenn,football
246,An opportunity of a lifetime to see how a world class team takes care of their VIP fans Honored to be guests at,football
247, Chennai Football League is set for a kick off from November starting with lower divisions Senior division will take time,football
248,Predicted chances to win more on DonsLIVE celticfc football,football
249,Predicted chances to win more on CSL CSL football,football
250, bigilrainbowflickchallenge BigilDiwali bigil football verithanam production,football
251, OPINION Can controversial selection of AbbaBichi save embattled officials from CORRUPTION trial,football
252,Don t sleep on this Football vs FB game Could be fun SMU Temple football CFB SaturdayMorning NCAAF SMUvsTemple,football
253, GAMEDAY Olympique de Marseille Stade Sainte Germaine Le Bouscat h franc,football
254, football soer JLeague consadole sapporo hokkaido Thailand,football
255,FollowBack AndyMurray Football Tennis Sport Sports Keyrings Pls Follow amp ,football
256, GAMEDAY Olympique de Marseille Stade Sainte Germaine Le Bouscat h franc,football
257,Armed Forces buat Kuching FA kecewa di Stadium Mindef Football Malaysia,football
258,Tottenham VS Watford Sabtu Okto WIB Tottenham spurs tottenhamhotspur watford harrykane,football
259,Happy Caturday Let s go Wildcats Football TheBoysOfFall YearOfTheCat,football
260, We would like to wish the very best of luck in today s fourth qualifying round play you,football
261, Picks du jour Football Union Berlin Fribourg Fribourg ou Nul et buts Leic,football
262, Eric Dier with a strong no deal challenge on Sergio Ramos worthy of a knighthood Brexit football letthemknowyoureth,football
263, Today is your turn Happy birthday Giovanni HappyBirthday talented football soer italy seville academy spain,football
264, MENA,football
265, Delhs football tonight shut out completely Pleasure as always working with,football
266, Something for each and every player at Bridge Football Academy to think about this weekend playing for their local sid,football
267,Sporseverler bu hafta futbola doyacak,football
268, EN NEW JOB Coaches for LAMA Football Academy in China FutbolJobs Soer,football
269, NUEVA OFEA Entrenadores LAMA Football Academy en China FutbolJobs EmpleoFtbol So,football
270,Who do you know in either Dublin or Glasgow that loves football and could be a commentator A fantastic opportu,football
271, football antlers football soer,football
272,At the match with my boys today Jos and Jenno EFCmatchday hopetheywin efcvwestham jose,football
273, bigilrainbowflickchallenge BigilDiwali bigil football verithanam production,football
274,online il mio nuovo video Che potenza i giocatori del fcbarcelona in uscita su MyClub di pes link in BIO,football
275,LaLiga Eibar Barcelona Watch HD live stream football EibarBara,football
276, FR Concours Freebets Trouvez le total de buts inscrits pendant le match x de freebets offerts Rponse pse,football
277, A lovely morning for football at the academy this morning skills games fun pdp oranmore galway htt,football
278,Having worked for weeks under new management we are excited to announce year old Kye Livingstone has been sel,football
279,football aa betting tips goodluck w A A Autobahnkreuz Saarbrcken,football
280, My over two decades of handicapping experience is my reputation Trust me my only goal is to make you win,football
281,Frank Lampard s Chelsea welcome Newcastle United to Stamford Bridge this afternoon Who do you tip to clinch th,football
282, The European Leagues are back Which team are you repping EnglishPremierLeague LaLiga SerieA football,football
283, FR Concours Freebets Trouvez le total de buts inscrits pendant le match x de freebets offerts Rponse pse,football
284, When Georgia team played as a Home team Vs Division Opponent During Week to ATS n,football
285, Sejarah kedua tim memang lebih berpihak kepada MU tapi keadaan sekarang lah yang menentukan hasil laga ManchesterUnited,football
286, Eric Dier with a strong no deal challenge on Sergio Ramos worthy of a knighthood Brexit football letthemknowyoureth,football
287, whatthesport Wolves Take Out Loan of m to Secure Against Future Television Revenue football whatthespor,football
288,Wolves Take Out Loan of m to Secure Against Future Television Revenue football,football
289, SMAC Check out my interview for uk with the talented International amp RedFC footballer w,football
290,Guyana Gabon footbot football Guyana Gabon,football
291,SakuraSpectacle cerezo football soer,football
292,MM soer football,football
293,The sixth edition preview of the Indian Super League ISL football,football
294,A lovely morning for football at the academy this morning skills games fun pdp oranmore galway,football
295,Challenge Bet Odds Germany u Union Berlin Vs Wolfsburg u Over FH goals Hit,football
296, FR Concours Freebets Trouvez le total de buts inscrits pendant le match x de freebets offerts Rponse pse,football
297,Matip signs new contract with Liverpool until JoelMatip Liverpool football ManchesterCity Liverpoolfc,football
298, My over two decades of handicapping experience is my reputation Trust me my only goal is to make you win,football
299, bigilrainbowflickchallenge BigilDiwali bigil football verithanam production,football
300, FR Concours Freebets Trouvez le total de buts inscrits pendant le match x de freebets offerts Rponse pse,football
301, Check out a clip of our scouting report for Trey Get evaluated by our professional scouts today Visit our site ,football
302, It s week of NFL We can help you win give us one chance to prove it DM or visit our website and picks packages f,football
303,Sneaky game of the day Who ya got Baylor okstate football Bears Cowboys CFB Big,football
304, En ROSE aujourdhui pour soutenir la lutte contre le cancer octobrerose luttecontrelec,football
305, Happy to collaborate with to promote grassroots level football Here is my very own Singappenn,football
306, Follow FollowBack Footy Football Keyrings Sports AVFC MUFC AFC CFC MCFC Chelsea Villa ManU ManCity Arsen,football
307,Follow FollowBack Footy Football Keyrings Sports AVFC MUFC AFC CFC MCFC Chelsea Villa ManU ManCity Arsenal Pls ,football
308, My over two decades of handicapping experience is my reputation Trust me my only goal is to make you win,football
309, SMAC Check out my interview for uk with the talented International amp RedFC footballer w,football
310,mgrt Raggi arriere gauche Quand j y pense Mme Amavi ou kurzawa sont meilleurs C est dire football,football
311, Tired of having to meet your bookmaker to pay him Let us help you win so he can pay you Visit,football
312,Guess the Team Guess the Football Shirt Football England PremierLeague,football
313, When GREENBAY PACKERS played as Home Team in the Month of October ATS nfl football spor,football
314, When SAN FRANCISCO ERS played as Road Favorite With a Spread between and ATS nf,football
315, It s week of NFL We can help you win give us one chance to prove it DM or visit our website and picks packages f,football
316, Last minute bet OUTSIDER BET on CHA D Liaoning Whowin Guangdong Southern Tigers Pick Guangdong Southern Tige,football
317, When KANSAS CITY CHIEFS team played as a Road team Vs AFC West opponent Coming off game Home stand ATS ,football
318,carico nel pre partita di BeneventoPerugia serieb matchday football choosesbm,football
319, When SouthernMississippi team played as Road team as a Underdog With day off Playing on Saturday ATS,football
320, When Georgia team played as a Home team Vs Division Opponent During Week to ATS n,football
321, les zamis sainte germaine le Bouscat matchday N nous seront prsent pour le,football
322,TurkishArmy for children football NBA paris london Barcelona madrid roma,football
323,Last minute bet OUTSIDER BET on CHA D Liaoning Whowin Guangdong Southern Tigers Pick Guangdong Southern,football
324,This November join us as our Flag Football teams take the turf for the FNA Flag Football League CHA,football
325,Umut Meras Le Havre AC footballmanager football fm fm fm trkiye millitakm,football
326, jeeii Arabic or english commentary football,football
327,Ex Uruguay striker Forlan to be given testimonial Uruguay DiegoForlan Montevideo WorldCup CopaAmerica,football
328, My over two decades of handicapping experience is my reputation Trust me my only goal is to make you win,football
329, When Georgia team played as a Home team Vs Division Opponent During Week to ATS n,football
330, bets today both starting at pm Will let you guys know what they are soon tips tipster aa football,football
331,Sbastien se fait dj une ide de sa retraite Dans une interview diffuse jeudi octobre le d,football
332, Great SAQ drill sent to us by yd saq football soer Coach coaching Training,football
333,Orduspor Galatasaray Spor Toto Sper Lig Hafta galatasaray orduspor,football
334, Aprs la russite dhier a vous tentes une cote fun sur le foot aujourdhui on dit Fav et Rt et je,football
335,Who do you think is going to win the Derby this weekend football Derby MUNLIV,football
336, FR Concours Freebets Trouvez le total de buts inscrits pendant le match x de freebets offerts Rponse pse,football
337,Check daily updated team news for leagues worldwide football soer sport fussball nba basketball,football
338, iptv deals COMPETITION win football reseller football boxing sport ios PPV This weekend only both subs hav,football
339, bigilrainbowflickchallenge BigilDiwali bigil football verithanam production,football
340, When Georgia team played as a Home team Vs Division Opponent During Week to ATS n,football
341,DAZN fctokyo jleauge soer football,football
342, bigilrainbowflickchallenge BigilDiwali bigil football verithanam production,football
343, Number of goals prediction for Napoli Verona Napoli Verona SerieA sportsbetting bettingtips tips freetips sport,football
344,LIVE Both Teams Score xbet IF YOU RE IN JOIN VIP LiveBet INPLAY,football
345, PRE LIVE Over Goals FT xbet IF YOU RE IN JOIN VIP LiveBet INPLAY footbal,football
346, Dal libro di la concezione di talento secondo Juan Carlos Valeron Talento interpretativo la capacit d,football
347, Dream Dream football FFG DREAM KPL winning kabaddi football dreamguru dreamexpert Premier League b,football
348,Galatasaray Eskiehirspor Spor Toto Sper Lig Hafta galatasaray eskiehirspor,football
349,Something for each and every player at Bridge Football Academy to think about this weekend playing for their local,football
350, MENA,football
351, football england world cup when England won the world cup epl england gazza chelsea manc,football
352,Safe journey to all fans travelling to a game today enjoy your day football WBAFC wwfc AVFC BCFC PUSB WFC,football
353,football live Nawoo wouldn t you ask frog where he got a tail,football
354,Number of goals prediction for Napoli Verona Napoli Verona SerieA sportsbetting bettingtips tips freetips,football
355, Is that wentz football football drills nfl workout downsyndrome upsyndrome downsyndromeawareness autism,football
356,We ve previewed today s Championship matches here football betting tips EFL WBAFC MIDWBA,football
357,PRE LIVE Over Goals FT xbet IF YOU RE IN JOIN VIP LiveBet,football
358, MENA,football
359,Dream Dream football FFG DREAM KPL winning kabaddi football dreamguru dreamexpert,football
360, Picks du jour Football Union Berlin Fribourg Fribourg ou Nul et buts Leic,football
361,Yup a Syrian Champion Syria football CristianoRonaldo,football
362, Foran up over a Brookfield in the rd with left in the rd football,football
363, The power of football somethinginmyeye this is wonderful,football
364,Genlerbirlii Galatasaray Spor Toto Sper Lig Hafta galatasaray genlerbirlii,football
365, europe Por fin vuelve La Liga para los equipos Libertex si ya tenas ganas de volver a ver a tu equipo VCFLi,football
366,Picks du jour Football Union Berlin Fribourg Fribourg ou Nul et buts ,football
367,Today is your turn Happy birthday Giovanni HappyBirthday talented football soer italy seville academy,football
368, Women s Weekend Football Fixtures th and th October womensfootball WSUasa soer footb,football
369, Posted withrepost bills banners Fulham stickers going out tonight fulham football stickers banners matchdaydea,football
370, GAMEDAY Olympique de Marseille Stade Sainte Germaine Le Bouscat h franc,football
371,Predictions for Gameweek of the Championship SkyBetChampionship England,football
372, Please sign justice for my Brother Rob Spray football Englandfc England WBA matchofday Liverpoolfc astonvilla wolv,football
373,Video Sfeeractie Jaar M I Side gisteren tijdens Cambuur TOP Oss cambuur CAMOSS camtop,football
374, MENA,football
375, Football Volont permanente de jouer petits djeuners collectifs mises au vert supprimes entretiens individuels hebdo,football
376,Everton vs West Ham RequestABet Tips RequestABet tips tip tipster bettingtips betting,football
377,Happy th Birthday to my village football team DurleyFC Had the pleasure of playing for them over the years,football
378,Galatasaray Kayserispor Spor Toto Sper Lig Hafta galatasaray kayserispor,football
379,GAMEDAY Olympique de Marseille Stade Sainte Germaine Le Bouscat h,football
380,College Football Rankings Updated NCAA Week Standings Final Poll Review ncaa football,football
381, tickets still available for a day pass to the Charlton Football Stadium Date Location,football
382,Live football scores Hannover II vs Eintracht Norderstedt Bankrupt Medi Hannover,football
383, rugby Looking forward to having and in the club today Dinner is lasagne chips and fresh bread Wi,football
384,football PremierLeague Jol Matip prolonge son contrat avec Liverpool Fc sport,football
385,Everton vs West Ham BET BUILDER TIP returns on tip tipster bettingtips betting,football
386, Football Hamel Thiam prt faire feu dans l attaque de l aprs avoir attendu le mois d octobre pour joue,football
387, WCU Stats Le parcours remarquable des petits Grenadiers Ils ont pratiquement bimen tout le monde Alaso Haiti,football
388,football supersaturday PremierLeague Liverpool ManUtd,football
389,Uganda Cranes Starting XI against Burundi in CHANQ Charles Lukwago Paul Willa Mustafa Kizza Halid Lwaliwa John R,football
390, rugby Looking forward to having and in the club today Dinner is lasagne chips and fresh bread Wi,football
391,playerdevelopment grassrootsfootball sportsindustry football coaches sports club coach strength fitness,football
392, FEATURE Know the GoldenEaglets for the UWC Brazil Nigeria Football NFF Hungary Ecu,football
393,Image by Brendan Feeney celebrated street photograph photography photooftheday WCVB art BREAKING newyorker,football
394, Baribote slams claim NPFL needs billion Naira per season to run demands aount for million sponsorsh,football
395,Good Luck Leeds United who host Birmingham City today in the th year centenary ,football
396, OPINION Can controversial selection of AbbaBichi save embattled officials from CORRUPTION trial,football
397, Contratdesponsoring Trs heureux de vous annoncer la signature de fee chez sbemanagement stronge,football
398, UWC GoldenEaglets battle Hungary Australia foreign stars Nigeria football Brazil Ecua,football
399, Skipper MfonUdoh says like LFC CHANEagles can bounce back in style vs Togo today Nigeria F,football
400,Love the way RugbyWorldCup referees explain the VAR TMO after the decision Also how the whole decision check and,football
401, bigilrainbowflickchallenge BigilDiwali bigil football verithanam production,football
402, Aprs la russite dhier a vous tentes une cote fun sur le foot aujourdhui on dit Fav et Rt et je,football
403, Skipper MfonUdoh says like LFC CHANEagles can bounce back in style vs Togo today,football
404,Football Tunisie Giresse Footissime RMC FIFA TheBest Ronaldo Messi,football
405, Big question coming up How old is too old to collect Panini football stickers TipicoBL OEFBL Football,football
406,FIFA TFF BAKAN ADAYI AyhanSagaltc UEFA Spor Football Futbol UEFACeferin CEFERIN Ceferin FRANSA,football
407,shecanplay football,football
408,Who s joining us tomorrow Don t miss out on all the sports shown at Counting House CountingHouse,football
409,AVUKATLIK LSANSINIZI YIIN TFF NN GEREK BAKANI AYHAN SAALTICI FIFA TFF BAKAN ADAYI,football
410,Cardiff City FC Foundation is running a day Soer School at Ebbw Vale Sports Centre on Thu st Oct amp Fri st No,football
411,A fun and active morning of football gymnastics and in the playarea at The Zone We love Saturday Mornings,football
412,The power of football somethinginmyeye this is wonderful,football
413,Soire foot Ligue h Angers Brest h Metz Nantes Football Ligue,football
414,Look out for these guys putting the burners on this weekend PremierLeague EPL,football
415,bigilrainbowflickchallenge BigilDiwali bigil football verithanam production,football
416, Instnct Cration du jour pour Officiel reprenant les couleurs du club Inspir du slogan Venu de l eau pour mettre le feu M,football
417, Instnct Cration du jour pour Officiel reprenant les couleurs du club Inspir du slogan Venu de l eau pour mettre le feu M,football
418, Bet u u units freebets tips football,football
419,Great partnership between and Always enjoy my stays there and great to give back to the fans,football
420,Skipper MfonUdoh says like LFC CHANEagles can bounce back in style vs Togo today,football
421,Just in Dross C unty are shite No seriously they are shite We ve checked they really are shite Football,football
422,Alex Wojciechowicz Football Polish American HeritageMatters,football
423,OLDFCO J Ligue Vos pronos Ligueconforama Football VBETFrance,football
424,Tomorrow we ve got TWO Ligue matches LIVE on our screens We re showing Bordeaux vs Saint Etienne at pm and Mon,football
425,LAZ vs ATN Dream Match Prediction Serie A DreamTeam football,football
426, Yarmalenko and Sigi on the bench in the first GW fixture fpl fantasyfootball football soer manutd Li,football
427,Yarmalenko and Sigi on the bench in the first GW fixture fpl fantasyfootball football soer,football
428,TegoDnia w sporcie padziernika historia historiasportu OnThisDay Olympic boks football,football
429,Someone saying to me last night that I can t let my boy just play Futsal He must play Football as well Hmmm Thoughts,football
430, Please sign justice for my Brother Rob Spray football Englandfc England WBA matchofday Liverpoolfc astonvilla wolv,football
431, fctokyo,football
432,LIVE Guangzhou R amp amp F v Shandong Luneng Over DodooRank tips,football
433, En ROSE aujourdhui pour soutenir la lutte contre le cancer octobrerose luttecontrelec,football
434, Cant VAR in football be as efficient as the TMO in rugby NZLvIRE IREvNZL RugbyWorldCup rugbyworldcup RWC,football
435,EibarBara will be up next To all Eibar and Bara fans what do you think of this time for a competition match l,football
436, and paul Let s talk about history hullcityafc hull hullcity thetigers hcafc UTT It s only a bit of fun well until you,football
437, Instnct Cration du jour pour Officiel reprenant les couleurs du club Inspir du slogan Venu de l eau pour mettre le feu M,football
438, Wilson Really quite staggering that a little over of EPL players have signed up to join Mata in his CommonGoal initiative,football
439,CANLI yelik linki bet iddaa tips livebet sportbetting,football
440, europe Por fin vuelve La Liga para los equipos Libertex si ya tenas ganas de volver a ver a tu equipo VCFLi,football
441,Idiot politcians who twat about on huge salaries perks causing huge division in British society Vote was leave,football
442,Cant VAR in football be as efficient as the TMO in rugby NZLvIRE IREvNZL RugbyWorldCup rugbyworldcup,football
443,Clemson Tigers Hoodie Sweatshirt by Adidas Embroidered forsale ebay easysdeals clemson,football
444, FIFA fifamobile newseason game gaming gameplay ios android football youtube FIFA MOBILE,football
445,freekick football tiktok,football
446, Wilson Really quite staggering that a little over of EPL players have signed up to join Mata in his CommonGoal initiative,football
447,Libertex teams are finally back to La Liga if you wish to see your team VCFLibertex GTFLibertex,football
448,Today s Ticket Plus FREE TIPS on the site BEST OF LUCK sports betting,football
449,Por fin vuelve La Liga para los equipos Libertex si ya tenas ganas de volver a ver a tu equipo,football
450, Fantastic weekend of live sport already underway with England beating the Aussies RugbyWorldCup Join us for al,football
451,football,football
452,TikTok football,football
453,When Georgia team played as a Home team Vs Division Opponent During Week to ATS,football
454,Really quite staggering that a little over of EPL players have signed up to join Mata in his CommonGoal initi,football
455,Fantastic weekend of live sport already underway with England beating the Aussies RugbyWorldCup Join us for,football
456,Looking forward to having and in the club today Dinner is lasagne chips and fresh b,football
457, football england world cup when England won the world cup epl england gazza chelsea manc,football
458,football england world cup when England won the world cup epl england gazza chelsea,football
459, Eric Dier with a strong no deal challenge on Sergio Ramos worthy of a knighthood Brexit football letthemknowyoureth,football
460, Please sign justice for my Brother Rob Spray football Englandfc England WBA matchofday Liverpoolfc astonvilla wolv,football
461,et les repensent la fanexperience grce la G Parmi les innovations,football
462, iptv deals COMPETITION win football reseller football boxing sport ios PPV This weekend only both subs hav,football
463, Football Volont permanente de jouer petits djeuners collectifs mises au vert supprimes entretiens individuels hebdo,football
464, Da de partido Day of the match sdeibar fcbarcelona ipurua spain Eibar laligasantander futbol football fu,football
465,GameDay Big day ahead for amp should be interesting football,football
466,Check out Clemson Man Needs No Introduction shirt by Adidas forsale ebay easysdeals,football
467, Al Photos Riverside vs Pitman football NJfootball NJ http,football
468,Weather related change of plans now off out west this afternoon clpl,football
469, FR Concours Freebets Trouvez le total de buts inscrits pendant le match x de freebets offerts Rponse pse,football
470,football soer arsenalfc TikTok tiktokfootball,football
471, It was a nice surprise when I opened the OT news today Wellbeing RCOT football,football
472,The European Leagues are back Which team are you repping EnglishPremierLeague LaLiga SerieA football,football
473, Check out our latest Showgirls PHOTO GALLERY TCU GoFrogs football,football
474, Great SAQ drill sent to us by yd saq football soer Coach coaching Training,football
475, The st team are back in action this afternoon at home in the cup to league leaders Dronfield p,football
476,Un joueur du Bara pourrait rejoindre Lukaku belgianreddevils belgique diables football barcelone fcb,football
477,Da de partido Day of the match sdeibar fcbarcelona ipurua spain Eibar laligasantander futbol football,football
478,Mariners pay the penalty as Jets level football FTBL ALeague,football
479,Mariners pay the penalty as Jets level football FTBL ALeague,football
480, The boy loved his st Saturday morning training Rocking his shirt as always not too many shi,football
481,Last minute bet NOR DA Egersunds IK Stjordals Blink Pick Egersunds IK at betting bet,football
482,Last minute bet STRONG FAVORITE BET on GEO D Torpedo Kutaisi FC Saburtalo Tbilisi Pick FC Saburtalo Tbil,football
483,Bundesliga Games goes live at pm Cash out whenever you want to prevent lose of bet your bet is in your hand,football
484, gt GK with transition pay attention with spaces between each other when outnumbered Stay close Quick transi,football
485,No injuries reported after shots were outside football stadium at Betty Fairfax HS Oct AM ET video o,football
486, Please sign justice for my Brother Rob Spray football Englandfc England WBA matchofday Liverpoolfc astonvilla wolv,football
487, FIFA fifamobile newseason game gaming gameplay ios android football youtube FIFA MOBILE,football
488, COME AND GRAB A iptv Package from the best two options two choose from and some of the best prices you can get sub,football
489, It s week of NFL We can help you win give us one chance to prove it DM or visit our website and picks packages f,football
490,Uzbekistan wins the play off Angola is out footbot football,football
491, IPTV reseller football boxing sport sub pm ppv adultchannels firestick android smarttv cheap mag iOS,football
492,Clemson Tigers shirt by Nike forsale ebay easysdeals nike clemson collegefootball,football
493, Middle We love our DMS Coaches Congratulations to all of our fall sports coaches and athletes on a great season GO WOLVERINES,football
494, FR Concours Freebets Trouvez le total de buts inscrits pendant le match x de freebets offerts Rponse pse,football
495,Good luck to and the team against today points ROVvHUD sponsorship Championship,football
496, IPTV TELEGRAM GROUP PRE SEASON FRIENDLIES EPL EFL F Golf TENNIS MLB MOTOGP NHL NFL NBA,football
497,Trophy Manager is a Football Manager Game with active managers Football Soer FollowBack Let s join,football
498, Know your new Blasters manjappada isl manorama keralablasters football,football
499, When GREENBAY PACKERS played as Home Team in the Month of October ATS nfl football spor,football
500, When SAN FRANCISCO ERS played as Road Favorite With a Spread between and ATS nf,football
501, When KANSAS CITY CHIEFS team played as a Road team Vs AFC West opponent Coming off game Home stand ATS ,football
502, whatthesport Jurgen Klopp Claims Man Utd Will Have to Wait to Turn Around Poor Form Ahead of Sunday Clash f,football
503,Jurgen Klopp Claims Man Utd Will Have to Wait to Turn Around Poor Form Ahead of Sunday Clash,football
504, Good luck to playing in the FA Cup at Notts County today No game for the Reserves tomorrow the first hav,football
505, En ROSE aujourdhui pour soutenir la lutte contre le cancer octobrerose luttecontrelec,football
506, When SouthernMississippi team played as Road team as a Underdog With day off Playing on Saturday ATS,football
507, Here are some selected games to fancy a punt at You can also bet on the weekend fixtures here or,football
508,Morning Team little bet for today to keep us going Great day for sports Football AscotRacing Boxing,football
509, Whats the local ghanaian term for this football stunt Comment saturday,football
510, gt GK with transition pay attention with spaces between each other when outnumbered Stay close Quick transi,football
511, Indigenous youngster named Young Matildas vice captain matildas football FTBL,football
512, When KANSAS CITY CHIEFS team played as a Road team Vs AFC West opponent Coming off game Home stand ATS ,football
513, When SouthernMississippi team played as Road team as a Underdog With day off Playing on Saturday ATS,football
514, Happy to collaborate with to promote grassroots level football Here is my very own Singappenn,football
515, When SAN FRANCISCO ERS played as Road Favorite With a Spread between and ATS nf,football
516, When GREENBAY PACKERS played as Home Team in the Month of October ATS nfl football spor,football
517, iptv deals COMPETITION win football reseller football boxing sport ios PPV This weekend only both subs hav,football
518, MENA,football
519, Please sign justice for my Brother Rob Spray football Englandfc England WBA matchofday Liverpoolfc astonvilla wolv,football
520, iptv deals COMPETITION win football reseller football boxing sport ios PPV This weekend only both subs hav,football
521, Critiqu lorsqu il est arriv Rouen Sanson n a pas mis longtemps pour se faire adopter itw Gabanna Foot,football
522, COME AND GRAB A iptv Package from the best two options two choose from and some of the best prices you can get sub,football
523, IPTV reseller football boxing sport sub pm ppv adultchannels firestick android smarttv cheap mag iOS,football
524, IPTV TELEGRAM GROUP PRE SEASON FRIENDLIES EPL EFL F Golf TENNIS MLB MOTOGP NHL NFL NBA,football
525,football soer nfl sports futbol sport like fifa premierleague calcio follow messi,football
526,iptv deals COMPETITION win football reseller football boxing sport ios PPV This weekend only both subs,football
527, It s Season Episode of my FM story with Today we face Zinedine Zidane s in the,football
528,Last minute bet STRONG FAVORITE BET on NOR D Mjondalen IF B Halsen Pick Mjondalen IF B at betting,football
529,Last minute bet STRONG FAVORITE BET on NOR D Kongsvinger IL B Ranheim B Pick Kongsvinger IL B at ,football
530,Last minute bet STRONG FAVORITE BET on NOR D Junkeren Bodo Glimt Pick Junkeren at betting bet,football
531,Last minute bet BEAT THE BANKER BET on UKR D FC Ahrobiznes Volochysk Chernomorets Odessa Pick Cherno,football
532,Last minute bet NOR D Bryne II Viking B Pick Viking B at betting bet bettingtips football,football
533,Last minute bet STRONG FAVORITE BET on NOR D Flint Vindbjart Pick Vindbjart at betting bet,football
534,Table football just got bigger with Futty Mania s take on the classic game With our supersized set YOU are the p,football
535,SSMFL DC v match preview amp recent form guides Clinton striker reveal,football
536, FR Concours Freebets Trouvez le total de buts inscrits pendant le match x de freebets offerts Rponse pse,football
537,Happy Saturday Premiership Football is back and after the terrific showing of the England national team we ve de,football
538, Hyderbad Fc Going to Play Their First Match On th Oct let s Support Them HyderabadFc ISL football,football
539,Todays early kick off Charlton Athletic Us v Ipswich Us charltonathletic ipswichtownfc football,football
540, FR Concours Freebets Trouvez le total de buts inscrits pendant le match x de freebets offerts Rponse pse,football
541,COME AND GRAB A iptv Package from the best two options two choose from and some of the best prices you can get,football
542, MENA,football
543,IPTV reseller football boxing sport sub pm ppv adultchannels firestick android smarttv cheap mag,football
544, Instnct Cration du jour pour Officiel reprenant les couleurs du club Inspir du slogan Venu de l eau pour mettre le feu M,football
545,IPTV TELEGRAM GROUP PRE SEASON FRIENDLIES EPL EFL F Golf TENNIS MLB MOTOGP NHL NFL,football
546, My Handicapper Record Site with over members is FOR SALE DM me if interested handicappers,football
547,More big sport with football straight after the rugby today down The Platform,football
548, cup masazacup tickets out on Monday at selected Ug stations in Kampala Wakiso Luw,football
549, Looking for a simple funnel page solution for your handicapping business DM me SportsBetting L,football
550,Bobo Vieri convinto La Juventus la pi forte ma per lo scudetto ci sono anche Inter e Napoli,football
551, MENA,football
552,Hazard dropped from Real Madrid squad to face Mallorca More info here laliga seriea,football
553, Adding a website on your handicapping business adds credibility and it makes it simple to make money and the ease to ta,football
554, Making less than hour Why not Sell sports picks handicapping SportsBetting nfl nba nhl,football
555, My over two decades of handicapping experience is my reputation Trust me my only goal is to make you win,football
556,Excited to share the latest addition to my etsyvintage shop Vintage Hardcover Books,football
557, It s week of NFL We can help you win give us one chance to prove it DM or visit our website and picks packages f,football
558,Duric doesn t feel good despite two goals in two games football FTBL ALeague,football
559,Duric doesn t feel good despite two goals in two games football FTBL ALeague,football
560, Hockey up units baseball up units ncaa football up units a month win,football
561, Please sign justice for my Brother Rob Spray football Englandfc England WBA matchofday Liverpoolfc astonvilla wolv,football
562,Football Andrea Raggi Monaco m a jet la poubelle via com,football
563,Its game day in the Bulgarian Parva Liga Levski Sofia will be against Arda in an exciting game Will there be ov,football
564,When ur makeup isand you re ready for the entire day before am as you ll be out till late football shopping,football
565, Love how everyone came together to celebrate our HS football coop team As one player said You all blessed,football
566, Barcelona and Real Madrid told to agree new Clasico date due to Catalonia protests football soer nfl sports f,football
567, En ROSE aujourdhui pour soutenir la lutte contre le cancer octobrerose luttecontrelec,football
568,La Juve sogna un altro colpo alla Ronaldo i nomi e il progetto di Agnelli calcio,football
569,New Customer Offer Join Sport and get up to Bet Bonus T amp Cs Apply Only,football
570, Latest commission Henrik Larsson henriklarsson football footballer soer sport game celtic mufc barcelona,football
571,Retro CEEFAX Football results now available on fridge magnets If there s a specific game you want added let us k,football
572, x Premier league is back Hoo fucking ray Bit miffed have to wait until Monday to see the mighty Arsenal but thank fook t,football
573, Happy to collaborate with to promote grassroots level football Here is my very own Singappenn,football
574, FR Concours Freebets Trouvez le total de buts inscrits pendant le match x de freebets offerts Rponse pse,football
575, Aprs la russite dhier a vous tentes une cote fun sur le foot aujourdhui on dit Fav et Rt et je,football
576, MENA,football
577, MENA,football
578, whatthesport Lionel Messi Explains Why Neymars Barcelona Return Fell Through This Summer football whatthe,football
579,Lionel Messi Explains Why Neymars Barcelona Return Fell Through This Summer football,football
580, MENA,football
581,Allowing attackers to encroach in the penalty area during the retaken penalty shows an inconsistent and biased VAR,football
582,Send PremierLeagie Predictions with mates Football League Share Soer,football
583, FR Concours Freebets Trouvez le total de buts inscrits pendant le match x de freebets offerts Rponse pse,football
584, Latest commission Henrik Larsson henriklarsson football footballer soer sport game celtic mufc barcelona,football
585,FLASH IPTV OFFER FOR A YEAR SUBSCRIPTION INCLUDES ALL LIVE ENTEAINMENT CHANNELS ALL LIVE SPO PP,football
586, japan football na,football
587,Heading to vs Liverpool tomorrow We ve got your post match beer and burger covered PremierLeague,football
588,Last minute bet EARLY STRONG FAVORITE BET on NOR D Flint Vindbjart Pick Vindbjart at betting bet,football
589, U FIFA World Etienne Etoo Other Foreign based Players Snubbed Sports Football,football
590, Hockey up units baseball up units ncaa football up units a month win,football
591,Player of the week I think the coaching is finally starting to sink in prouddad playeroftheweek football,football
592, Looking to double that cash resting idly in your pocket today Then this is the fastest way felele football ,football
593,It s Saturday good luck to all sports teams out there who will be Man of the Match today saturdaysports,football
594,Check it out footballmemes football footballboots,football
595,Football No matter your we ken binge you can stream it bila worries with our WeKENData offer Click below to buy,football
596, Aprs la russite dhier a vous tentes une cote fun sur le foot aujourdhui on dit Fav et Rt et je,football
597, Aprs la russite dhier a vous tentes une cote fun sur le foot aujourdhui on dit Fav et Rt et je,football
598, Haha yes Enjoy some week football everybody football haf,football
599,Such a pleasure coaching these boys very proud of them today for wearing red socks in support of England,football
600, Une rencontre ne manquer sous aucun prtexte DArkema DF Football PSG ParisF,football
601,Aprs la russite dhier a vous tentes une cote fun sur le foot aujourdhui on dit Fav et Rt,football
602,Ohio State vs Northwestern score takeaways No four Buckeyes steamroll Wildcats behind the whole effort news,football
603, FR Concours Freebets Trouvez le total de buts inscrits pendant le match x de freebets offerts Rponse pse,football
604, and paul Let s talk about history hullcityafc hull hullcity thetigers hcafc UTT It s only a bit of fun well until you,football
605,Une rencontre ne manquer sous aucun prtexte DArkema DF Football PSG,football
606,Price Boost Alert Boost your odds to win more now Boost Odds Here If you are new regis,football
607,Popovic relishes son s A League feat football FTBL ALeague,football
608,Popovic relishes son s A League feat football FTBL ALeague,football
609, Juve contro il Bologna in attao Higuain sembra favorito su Dybala calcio football JuveBol,football
610, Critiqu lorsqu il est arriv Rouen Sanson n a pas mis longtemps pour se faire adopter itw Gabanna Foot,football
611,RJ SPOS TV Archives me with footy on Bondi Beach in Australia back in aged ,football
612,More than a sporting event the FIFA Womens World Cup was a cultural phenomenon attracting more media attent,football
613,Saturday Daily Specials HorseRacing horsebetting football footballbetting premierleague,football
614, whatthesport Eden Hazard Omitted From Real Madrid Squad for Mallorca Clash as Wife Gives Birth to Fourth Child,football
615,Once this happens Man Udt will be in relegation this weekend Manchester football relegation,football
616,Whatever your design Team Colours can create a unique bespoke kit entirely suited to you and your team Design you,football
617, Do you know who wins Make bets and win with us Football win betandwin sportbe,football
618, FR Concours Freebets Trouvez le total de buts inscrits pendant le match x de freebets offerts Rponse pse,football
619,Football QuizzDay lection des deux meilleurs dfenseurs centraux d europe Partie Parmi ces quatre,football
620, whatthesport Eden Hazard Omitted From Real Madrid Squad for Mallorca Clash as Wife Gives Birth to Fourth Child,football
621, x Premier league is back Hoo fucking ray Bit miffed have to wait until Monday to see the mighty Arsenal but thank fook t,football
622,Eden Hazard Omitted From Real Madrid Squad for Mallorca Clash as Wife Gives Birth to Fourth Child,football
623, soer football,football
624, FA The Emerald Boys Vs Tuesday th October Estadio Olmpico Flix Snchez ConcacafNationsLeag,football
625, Todays PREMIER LEAGUE action LIVE amp LOUD on the BIG SCREEN Everton v West Ham Crystal Palace v Man City,football
626, RAB on the Everton Game Check out our Twitter feed for link betting bettingtips Everton EvertonFC,football
627, IPTV MONTH DEALS DM ME NOW TO SIGN UP football is back this weekend and watch it all live here on this,football
628, x Premier league is back Hoo fucking ray Bit miffed have to wait until Monday to see the mighty Arsenal but thank fook t,football
629, Portrait Franois Mpel ancien international congolais qui volue au poste d attaquant Champion d Afrique en avec le C,football
630, FR Concours Freebets Trouvez le total de buts inscrits pendant le match x de freebets offerts Rponse pse,football
631,Analyse football matches and improve the performances of your teams and players improve their tactical knowledge a,football
632,Color coding goalkeeper football soer gk goalkeeping futbol keeper,football
633, New Photo Posted IWFF Official Press Photo day two soer fitness football,football
634, soer football,football
635, soer football,football
636,Magpies Dorchester legend Trevor Senior to leave dugout DorsetSport Football Dorchester Magpies,football
637, football bellmare football soer,football
638, soer football,football
639,Faites des gosses football maman Vacances,football
640,TRANSFE Trebel dans les plans de Vercauteren belle rcompense pour Sels belgianreddevils belgique diables,football
641,Today host The Baglan pm ko at Metcalf street come along and show your support Everyone welcome Caeraufc football,football
642, x Premier league is back Hoo fucking ray Bit miffed have to wait until Monday to see the mighty Arsenal but thank fook t,football
643,Watch all the LIVE sporting action here The perfect viewing area livesport footyfan football,football
644,bellmare football soer,football
645, soer football,football
646,stLeg Semifinal PialaMalaysia MalaysiaCup Football k KedahvsPahang Fazura StadiumDarulAman,football
647, En ROSE aujourdhui pour soutenir la lutte contre le cancer octobrerose luttecontrelec,football
648, TBT Formentera Caravaca la Union Tatabanya Somozas Hungary Spain Espaa ab terceradivision segun,football
649, Please sign justice for my Brother Rob Spray football Englandfc England WBA matchofday Liverpoolfc astonvilla wolv,football
650,UK are now an official football club We will be recruiting players to join our first team for the remaind,football
651,Premier league is back Hoo fucking ray Bit miffed have to wait until Monday to see the mighty Arsenal but than,football
652, whatthesport Real Madrid Boss Zinedine Zidane Plays Down Chance Meeting With Paul Pogba in Dubai football,football
653,Real Madrid Boss Zinedine Zidane Plays Down Chance Meeting With Paul Pogba in Dubai,football
654,We need to agree on this one basketball bball curry lebron pointer anklebreaker fadeaway embiid raptors,football
655, Football SDRMHSC Dpart pour Paris puis Reims Camara plutt,football
656, Looking to watch club football You re in the right place,football
657, Instnct Cration du jour pour Officiel reprenant les couleurs du club Inspir du slogan Venu de l eau pour mettre le feu M,football
658, Football Ligue Mbapp et Cavani sur le banc Bruges gt Le PS football,football
659, Gonna beat the woopsie out of ya etsy etsyshop epiconetsy etsysocial etsyretwt etsyaaa etsymn,football
660, Instnct Cration du jour pour Officiel reprenant les couleurs du club Inspir du slogan Venu de l eau pour mettre le feu M,football
661,Western United Glory draw in A League football FTBL ALeague,football
662,Western United Glory draw in A League football FTBL ALeague,football
663, Happy to collaborate with to promote grassroots level football Here is my very own Singappenn,football
664,Youre supposed to flip the cones over son not put them of your head football son diddikicks myboy,football
665, Todays bets are up from all the way up to Something for everyone give them a like bet tipster footb,football
666,Wolfsburg loses to Paderborn on Pongis in Turkey ,football
667,CANLI yelik linki bet iddaa tips livebet sportbetting,football
668,Football Ligue Mbapp et Cavani sur le banc Bruges gt Le PS football,football
669,Football is back football,football
670, En ROSE aujourdhui pour soutenir la lutte contre le cancer octobrerose luttecontrelec,football
671,I never thought a game of under s football could be so stressful thinking how we could fuel these boys to impr,football
672,EPL Weekend Know your odds and enjoy the Multibet Bonus with a minimum of Games Get ODDS BOOST NOW BET NO,football
673,Todays bets are up from all the way up to Something for everyone give them a like bet tipster football betting win,football
674, En ROSE aujourdhui pour soutenir la lutte contre le cancer octobrerose luttecontrelec,football
675, ArenaSport Pre duela sa crno beli e odmeriti snage sa ekipom Mladosti Koji ishod oekujete fkmladostlucani fkpar,football
676, FR Concours Freebets Trouvez le total de buts inscrits pendant le match x de freebets offerts Rponse pse,football
677,Lundi nous aueillons Olivier Jarosz responsable club affairs l pour la MasterclassEAJF Co auteu,football
678,Angola Uzbekistan footbot football Angola Uzbekistan,football
679,Patriots fans get an auto swipe left tinder football Patriots,football
680,From now on anyone who wants to contact me can also visit my workplace,football
681,Football Metz FCMetz FCMFCN e journe de l avant match en chiffres,football
682, Latest Sports Collectables including multi signed Sussex CCC item cricket sport rowing football stamps ,football
683,FollowBack AndyMurray Football Tennis Sport Sports Keyrings Pls Follow amp ,football
684,Et donc today direction Diochon pour la rencontre entre le er et e Gros match Rouen football,football
685, gt GK with transition pay attention with spaces between each other when outnumbered Stay close Quick transi,football
686,soer football,football
687,football crowdfunding crowdfunder Gofundme donate footballs,football
688,Got my football aumulators on First one is to win Easy with these bets football,football
689,The st team are back in action this afternoon at home in the cup to league leaders Dronfield,football
690, Follow FollowBack Footy Football Keyrings Sports AVFC MUFC AFC CFC MCFC Chelsea Villa ManU ManCity Arsen,football
691,Looking to double that cash resting idly in your pocket today Then this is the fastest way felele football,football
692,Follow FollowBack Footy Football Keyrings Sports AVFC MUFC AFC CFC MCFC Chelsea Villa ManU ManCity Arsenal Pls ,football
693, QualifEuro Systme Mise Grce Bosnie Pjanic ou Gojak Sude Espagne Rodrygo ou Oyarzabal,football
694, On your way to premierleague EVEWHU Looking for info pre game Then come check out the preview video here COYI WHUFC we,football
695,QualifEuro Systme Mise Grce Bosnie Pjanic ou Gojak Sude Espagne Rodrygo ou O,football
696,On your way to premierleague EVEWHU Looking for info pre game Then come check out the preview video here COYI,football
697,Poraz stoke UVEK ArenaSport Pre duela sa crno beli e odmeriti snage sa ekipom Mladosti Koji,football
698,PREMATCH point FootballTip FootballBet Tipster Corners Bet Bets Football,football
699, Eles rotulam os Ultras como criminosos mas na verdade eles precisam de desculpas para ter o controle e se livrar deles p,football
700, football antlers football soer,football
701, UPTHEBORO What do you reckon can secure the win today or Get in touch if you need a taxi to Riverside,football
702, In collaboration with is hosting a conference amp football tournament next Sunday to c,football
703, nd position Future Ambition I want to become a professional footballer Daily Routine I do my homework then go o,football
704, The premier league is back on our screens today kicking off with Everton vs Westham at pm thepremierleague eve,football
705,football soer nfl sports futbol sport like fifa premierleague calcio follow messi,football
706,football soer nfl sports futbol sport like fifa premierleague calcio follow messi,football
707, FR Concours Freebets Trouvez le total de buts inscrits pendant le match x de freebets offerts Rponse pse,football
708, gt GK with transition pay attention with spaces between each other when outnumbered Stay close Quick transi,football
709,Looking to watch club football You re in the right place,football
710,Dream LaLiga Football Barcelona BAREIB EibarBarca BARvEIB EIBvBAR Final Team,football
711,Your novel out there to trillions plussizefashion theartofplating chefstalk Meltdown,football
712, Football Volont permanente de jouer petits djeuners collectifs mises au vert supprimes entretiens individuels hebdo,football
713,Challenge Bet Odds Portugal u Sporting Vs Benfica u Over FH goals Hit if,football
714,Buon compleanno stefan schwoch grande bomber abbiamo giusto anni di differenza happybirthday moment photo,football
715, A un an des lections la et alors qu une rforme de la gouvernance du football pro est l tude Bernard Caa,football
716,The Bobby Robson Bridge in Ipswich in Suffolk in BW ipswich football,football
717, Lets Do This Chop hardworkiskey knowyourcraft football soer bealeader beconfident becommitted trusti,football
718,Match day caps available football saturday kickoff premiership soersaturday matchdaylive liverppolfc,football
719,football neymar BarcelonaFC TikTok,football
720, The Div suggests this is going to be a good one We travel to unbeaten amp table toppers,football
721,Just over two weeks to go until the Academy Raceday Get your tickets now at,football
722, Imagine how disappointed you would be if your son actually said this to you Looking forward to today s football,football
723,Holland Easter Cup is only months away Over teams competed in with looking bigger and bette,football
724, Hey If any sports club have spare usable kit or equipment lying around they would be happy to donate to us for recycling,football
725, The Safe Treble pays Betfairs aaedge pays stake back if result lets us down Click the link below to get,football
726, En ROSE aujourdhui pour soutenir la lutte contre le cancer octobrerose luttecontrelec,football
727, football football soer,football
728,Number of goals prediction for Mallorca Real Madrid Mallorca RealMadrid LaLiga sportsbetting bettingtips,football
729,What goes down must come up True supporters forever football epl manu fans forever gloryglorymanutd,football
730, MATCHDAY Olympiacos FC vs OFI FC Slgr G Karaiskakis Stadium lympiacos Matchday Football Legend,football
731, Adrian Kenny Music with Leanne Constant Saturday Night Live Premier League is back pm Chelsea Football Club v Newcast,football
732, Everton West Ham Sat th Oct KO pm Madisons Goodison Premier League MadisonsCafeBar EllesmerePort M,football
733, Premier League yagarutse muri iyi weekend Tangira nawe ukinane natwe kuri cyangwa unyuze ,football
734,New Customer Offer Join Sport and get up to Bet Bonus T amp Cs Apply Only,football
735, Todays PREMIER LEAGUE action LIVE amp LOUD on the BIG SCREEN Everton v West Ham Crystal Palace v Man City,football
736, wickets Go crazy with an extra dose of Football fever only on Join your favorite Premier League matches wit,football
737,Massive game for today vs pm K O Cant get a ticket Come down and watch all the big game,football
738, Lets Do This Chop hardworkiskey knowyourcraft football soer bealeader beconfident becommitted trusti,football
739,New Customer Offer Join Sport and get up to Bet Bonus T amp Cs Apply Only,football
740,New Customer Offer Join Sport and get up to Bet Bonus T amp Cs Apply Only,football
741,New Customer Offer Join Sport and get up to Bet Bonus T amp Cs Apply Only,football
742,PREMATCH point FootballTip FootballBet Tipster Corners Bet Bets Football,football
743,New Customer Offer Join Sport and get up to Bet Bonus T amp Cs Apply Only,football
744, Happy to collaborate with to promote grassroots level football Here is my very own Singappenn,football
745,Terras We ll show no FA Cup fear says Josh McQuoid DorsetSport Football Weymouth Terras,football
746, Instnct Cration du jour pour Officiel reprenant les couleurs du club Inspir du slogan Venu de l eau pour mettre le feu M,football
747, Happy to collaborate with to promote grassroots level football Here is my very own Singappenn,football
748,New Customer Offer Join Sport and get up to Bet Bonus T amp Cs Apply Only,football
749,New Customer Offer Join Sport and get up to Bet Bonus T amp Cs Apply Only,football
750,what a day of sport proper sporting porn EnjoyIt football boxing ITVRacing RugbyWorldCup letsgo,football
751, whatthesport Everton vs West Ham Key Facts amp Stats to Impress Your Mates Ahead of Premier League Clash f,football
752,nd position Future Ambition I want to become a professional footballer Daily Routine I do my homework then,football
753,Everton vs West Ham Key Facts amp Stats to Impress Your Mates Ahead of Premier League Clash,football
754, Football Hamel Thiam prt faire feu dans l attaque de l aprs avoir attendu le mois d octobre pour joue,football
755,New Customer Offer Join Sport and get up to Bet Bonus T amp Cs Apply Only,football
756, Saturdays spfl bets all pm Games football,football
757,New Customer Offer Join Sport and get up to Bet Bonus T amp Cs Apply Only,football
758, Saturdays spfl bets all pm Games football,football
759,New Customer Offer Join Sport and get up to Bet Bonus T amp Cs Apply Only,football
760,New Customer Offer Join Sport and get up to Bet Bonus T amp Cs Apply Only,football
761, SDHS FB Harrisburg Brandon Valley halftime SDpreps football,football
762,Attention horaire inhabituel pour HautsLyonnais qui aueille la rserve de ce samedi en,football
763, The new Down The Rabbit Hole Edition is here Drake Neymar JamesHarden Lukaku UsainB,football
764, FR Concours Freebets Trouvez le total de buts inscrits pendant le match x de freebets offerts Rponse pse,football
765,New Customer Offer Join Sport and get up to Bet Bonus T amp Cs Apply Only,football
766,athletics and took the nd position Future Ambition I want to become a professional footballer Daily Routine,football
767,The boy loved his st Saturday morning training Rocking his shirt as always not too many,football
768, FR Concours Freebets Trouvez le total de buts inscrits pendant le match x de freebets offerts Rponse pse,football
769,In boa al lupo agli Arbitri e Assistenti CRA impegnati questo week end nelle gare di Eellenza Promozione e,football
770,LINE LINE Sticker,football
771, UWC GoldenEaglets battle Hungary Australia foreign stars Nigeria football Brazil Ecua,football
772, The FACup fourth qualifying round kicks off this weekend but did you know a military football team is among the compet,football
773,Don t forget that in today s football Barcelona play at midday Atl Madrid at pm Real Madrid at pm Bayern M,football
774, whatthesport Eibar vs Barcelona Key Facts amp Stats to Impress Your Mates Ahead of La Liga Clash football,football
775,Football Hamel Thiam prt faire feu dans l attaque de l aprs avoir attendu le mois d octobre p,football
776,Eibar vs Barcelona Key Facts amp Stats to Impress Your Mates Ahead of La Liga Clash,football
777, FR Concours Freebets Trouvez le total de buts inscrits pendant le match x de freebets offerts Rponse pse,football
778,Adrian Kenny Music with Leanne Constant Saturday Night Live Premier League is back pm Chelsea Football Club v,football
779,RWANDA Vs ETHIOPIA uyu munsi Tangira nawe ukinane natwe kuri cyangwa unyuze ,football
780,New Photo Posted IWFF Official Press Photo day two soer fitness football,football
781,Unfortunately due to poor weather and pitch conditions the Reserves game against has been postpon,football
782, Happy to collaborate with to promote grassroots level football Here is my very own Singappenn,football
783, football antlers football soer,football
784, Football Metz FCMetz FCMFCN e journe de Thomas Delaine absent Adama Noss T,football
785, L AUTRE MATCH Le PSG perd il son identit avec les Qataris Qatar inside Football Poissy,football
786,Huge credit must go to magazine this month for taking an in depth look at problems with racism in football and,football
787,Les pronos sont en ligne la team On fonce dans le VIP betting football pronostics win,football
788,Book your place now Email Luke on luke stow com for more details Football,football
789,Eden Hazard s absence is set to force Zinedine Zidane into further changes in attack for the visit to Real Mallorca,football
790,The football is BACK after the international break Who do you think will win the PremierLeague Follow the acti,football
791,Whats the local ghanaian term for this football stunt Comment,football
792,NUEVA OFEA Entrenadores LAMA Football Academy en China FutbolJobs,football
793, DVD JOBLOT OVER DVDS Huge Bundle Mixed Dvds Few New Action Horror RomCom StandUp Comedy weepy true stori,football
794,Pariez et regardez la Serie A En Streaming Lazio Atalanta h Naples Vrone h Juve,football
795,Football news in Italian football calcio Italian Italy SerieA Followback TeamFollowBack TrophyManager,football
796,Sejarah kedua tim memang lebih berpihak kepada MU tapi keadaan sekarang lah yang menentukan hasil laga,football
797, jeeii Arabic or english commentary football,football
798, Round Results Saudi Arabia Jeddah Women s League womensfootball WSUasa soer football,football
799,Trophy Manager Hier wird die mehr Fussball geboten als in jedem anderen Online Fussballmanager football,football
800,NEW JOB Coaches for LAMA Football Academy in China FutbolJobs Soer,football
801,Pretty much Arsenal territory we don t do that shit in Australia so who knew it was that bad Anyway eventually mo,football
802,All the details can be found here We are very grateful to the club as our corporate spons,football
803,Everton West Ham Sat th Oct KO pm Madisons Goodison Premier League MadisonsCafeBar,football
804,PREMATCH point FootballTip FootballBet Tipster Corners Bet Bets Football,football
805,Premier League yagarutse muri iyi weekend Tangira nawe ukinane natwe kuri cyangwa unyuze,football
806,Last minute bet POR Cup Condeixa Rio Ave Pick Rio Ave at betting bet bettingtips football,football
807,Good Luck to as they take on at Ewood Park today KO pm Terriers HTAFC Huddersfield Football,football
808,En ROSE aujourdhui pour soutenir la lutte contre le cancer octobrerose,football
809,From our mag Cooper s Corner with Read the full article online page ,football
810, Happy to collaborate with to promote grassroots level football Here is my very own Singappenn,football
811,football soer J Jleague J J daihyo Followback sougofollow TeamFollowBack TrophyManager,football
812, FR Concours Freebets Trouvez le total de buts inscrits pendant le match x de freebets offerts Rponse pse,football
813,Todays PREMIER LEAGUE action LIVE amp LOUD on the BIG SCREEN Everton v West Ham Crystal Palace v Man C,football
814, FR Concours Freebets Trouvez le total de buts inscrits pendant le match x de freebets offerts Rponse pse,football
815, David Savard revient avant tout pour lquipe DavidSavard Football,football
816,iddaa kupon bahis basketbol Basketball NBA futbol football banko iddaatahmin tahmin analiz,football
817, Chennai Football League is set for a kick off from November starting with lower divisions Senior division will take time,football
818,Just dropped through the letterbox a rather nice Argentina World Cup finals football pennant the decade Englan,football
819, Coming to Dumfries for todays football game between v Leave time for the journey amp d,football
820,What is your DWL so far PM FootballManagers football soer team statistic mobilegame footballmanager,football
821,Chennai Football League is set for a kick off from November starting with lower divisions Senior division will,football
822, FR Concours Freebets Trouvez le total de buts inscrits pendant le match x de freebets offerts Rponse pse,football
823,Arabic or english commentary football,football
824,New Customer Offer Join Sport and get up to Bet Bonus T amp Cs Apply Only,football
825, Happy to collaborate with to promote grassroots level football Here is my very own Singappenn,football
826,Weekend Aa BEST OF LUCK sports betting sportsbetting bettingtips,football
827,bettingtips betting fixedmatches bettingpicks bettingadvice parionssport sportwetten TeamParieur apuestas,football
828, SportsWord Yes NoRo,football
829, Legend Young Michael Laudrup and his Dad Finn Laudrup Legend MichaelLaudrup,football
830,Yes,football
831, football antlers football soer,football
832,Watching RWC makes me sad at the state of football currently Rugby is so respectful in it s attitudes to the,football
833,Ridiculous numbers CristianoRonaldo football,football
834, FR Concours Freebets Trouvez le total de buts inscrits pendant le match x de freebets offerts Rponse pse,football
835, Good luck to playing in the FA Cup at Notts County today No game for the Reserves tomorrow the first hav,football
836,Arjun Kapoor is now the official Brand Ambassador for Chelsea FC India masalauae masalamagazine,football
837,UPTHEBORO What do you reckon can secure the win today or Get in touch if you need a taxi to Ri,football
838,Good luck to playing in the FA Cup at Notts County today No game for the Reserves tomorrow the firs,football
839,DVD JOBLOT OVER DVDS Huge Bundle Mixed Dvds Few New Action Horror RomCom StandUp Comedy weepy true,football
840,Juve contro il Bologna in attao Higuain sembra favorito su Dybala calcio,football
841,LIVE Havlickuv Brod v FC Brno II Over DodooRank tips bettingtips,football
842, IPTV MONTH DEALS DM ME NOW TO SIGN UP football is back this weekend and watch it all live here on this,football
843,Legend Young Michael Laudrup and his Dad Finn Laudrup Legend,football
844,Join us Now Discount this week WhatsApp fixedmatches inplay football,football
845,Les scnes de joie dans les vestiaires du Stade Omnisports de Yaound Les joueuses du Canon FF ont clbr cette p,football
846,Steven Gerrard Paolo Maldini Zinedine Zidane Marco van Basten Diego Maradona Luis Figo Ik,football
847, Lets Do This Chop hardworkiskey knowyourcraft football soer bealeader beconfident becommitted trusti,football
848, Round Results Saudi Arabia Jeddah Women s League womensfootball WSUasa soer football,football
849, What makes Pro Football Academy so different PFA coach Mark shares his opinion on what makes PFA such a unique football,football
850,Chelsea Football Club announces Arjun Kapoor as its brand ambassador for India The Indian Wire ChelseaFC,football
851, Football N le leader aueille son dauphin Les Herbiers pour un duel au sommet ce samedi octobre,football
852, Former Premiership and Hull City manager Phil Brown had this to say about the Youth Development In I,football
853,Jadon Sancho Dortmund footballmanager fm fm football fm england germany,football
854, streams UFCBoston IPTV football livestreaming beINSPOS FoxSports nbcsn pmkickoffs ifollow Get signed up for todays pm,football
855, streams IPTV All games loaded for todays live football action dont miss out pl efl EFL efl SPFL pmkickoffs beINSPOS,football
856, soer football arsenal,football
857, Free community football sessions every Saturday for adults experiencing mentalhealth or addiction issues in westlon,football
858, IPTV MONTH DEALS DM ME NOW TO SIGN UP football is back this weekend and watch it all live here on this,football
859, Can t believe my luck meeting these football legends and heroes in the past hours andycarroll robertpires ciaran,football
860,Can t believe my luck meeting these football legends and heroes in the past hours andycarroll robertpires,football
861,GO LARGE EXHIBIT amp GET IN FOR FREE money football,football
862,AUTUMN ACTIVITIES OCTOBER Messy Play Caving GoKarting Wall Climbing Football ,football
863,football soer Multifunction Sports Smart Watch,football
864,Uzbekistan Angola footbot football Uzbekistan Angola,football
865,All well an good theno room for racism campaign in football but when white people tell that the,football
866, Happy to collaborate with to promote grassroots level football Here is my very own Singappenn,football
867, IPTV MONTH DEALS DM ME NOW TO SIGN UP football is back this weekend and watch it all live here on this,football
868, We would like to wish the very best of luck in today s fourth qualifying round play you,football
869,Please sign justice for my Brother Rob Spray football Englandfc England WBA matchofday Liverpoolfc,football
870,What is Trophy Manager TrophyManager football soer game onlinegame Sign up,football
871, les zamis sainte germaine le Bouscat matchday N nous seront prsent pour le,football
872, Nos Chartrains se dplacent aujourd hui sur le terrain de la rserve du pour le compte de la me journe de,football
873, ID PSSI Disebut Sudah dalam Jalur yang Tepat soal Kompetisi Indonesia Football,football
874, whatthesport Manchester United Cool Interest in Mario Mandzukic as Attention Turns to Man Shortlist footb,football
875, Great SAQ drill sent to us by yd saq football soer Coach coaching Training,football
876,I ve been counted out so many times I couldn t count it There s so many non believers in americanfootball,football
877,Manchester United Cool Interest in Mario Mandzukic as Attention Turns to Man Shortlist,football
878, gt GK with transition pay attention with spaces between each other when outnumbered Stay close Quick transi,football
879,vs FC yokohamafc HAMABLUE JLeague,football
880,Football Metz FCMetz FCMFCN e journe de Thomas Delaine absent Adam,football
881, Hey If any sports club have spare usable kit or equipment lying around they would be happy to donate to us for recycling,football
882, In collaboration with is hosting a conference amp football tournament next Sunday to c,football
883, Voici la liste officielle des grenadiers qui vont participer la joute de la e dition du mondial U Brsil ,football
884,La coppia dalle tante emozioni cavaniofficial cavani lavezzi remember old best one goals,football
885,Get your hr trial today for the weekend football also boxing tonight only you won t be disappointed iptv,football
886, football antlers football soer,football
887,Wigan V NottinghamForest showing pm Football,football
888, NEW STOCK ARSENAL FANS SIGNED PEPE LACA TIERNEY ITEMS BUY NOW DM OR COMMENT soer football fifa sport arsena,football
889,NEW STOCK ARSENAL FANS SIGNED PEPE LACA TIERNEY ITEMS BUY NOW DM OR COMMENT soer football fifa sport,football
890,Will beat or vs,football
891,Only minutes left and GW Any ideas guys jakgractoznajlepszymi weszlo weszlofm fpl gw fantasy,football
892,Tottenham news Harry Kane is a amp natural leader amp and will thrive as Spurs captain says Mauricio Pochettino,football
893, Instnct Cration du jour pour Officiel reprenant les couleurs du club Inspir du slogan Venu de l eau pour mettre le feu M,football
894, FR Concours Freebets Trouvez le total de buts inscrits pendant le match x de freebets offerts Rponse pse,football
895,football soer nfl sports futbol sport like fifa premierleague calcio follow messi,football
896,football soer nfl sports futbol sport like fifa premierleague calcio follow messi,football
897,football soer nfl sports futbol sport like fifa premierleague calcio follow messi,football
898,football soer nfl sports futbol sport like fifa premierleague calcio follow messi,football
899,Tottenham news Harry Kane is a amp natural leader amp and will thrive as Spurs captain says Mauricio Pochettino,football
900,football soer nfl sports futbol sport like fifa premierleague calcio follow messi,football
901, Ecstatic to land this endorsement vegan health nutrition football FGRFC food veganrecipes veganfood,football
902,Wolves news Nuno criticises amp absurd amp Christmas schedule that sees double against Liverpool and Manchester,football
903,Manchester City news Pep Guardiola tells players to get in the fridge to deal with grueling Christmas schedule,football
904,Challenge Bet Odds China Guangzhou Vs Shandong Over FH goals Hit if you re on,football
905,Last minute bet RUS DW Znamya Truda FC Kolomna Pick FC Kolomna at betting bet bettingtips,football
906,Wishing You A Many Many Happy Return Of The Day Happy Birthday American Football Player Ashlyn Harris,football
907,Go crazy with an extra dose of Football fever only on Join your favorite Premier League mat,football
908,We have a busy day of live sport lined up for you today Rugby Football Saturday Beer,football
909,Finkielkraut se pique d aimer le football Mais qd il en parle il vite de causer des voyous de la FIFA exonre l,football
910, Women s Weekend Football Fixtures th and th October womensfootball WSUasa soer footb,football
911,Emile Heskey Rivaldo told me I was the only English player good enough for Brazil He knew what I could do Ima,football
912, Round Results Saudi Arabia Jeddah Women s League womensfootball WSUasa soer football,football
913, Asian Qualifiers Round Draw for Tokyo Olympics Womens Football Tournament womensfootball W,football
914,One of the activities that we offer for your childs on weekends is basketball We need a recharge in the team,football
915, Hockey up units baseball up units ncaa football up units a month win,football
916, Lionel Messi has dominated the last decade of GoldenShoe winners RewardForPassion football footballplayer footballgames,football
917, Football Today PL Chelsea v Newcastle Crystal Palace v Man City Spurs v Watford Bundesliga Augsburg v Baye,football
918,printed sportsbags gym football rugby Head over to our website for full details gym,football
919,Football Today PL Chelsea v Newcastle Crystal Palace v Man City Spurs v Watford Bundesliga Augsburg v,football
920,Football,football
921,football soer grace fifa ChelseaFC,football
922,FIFA fifamobile newseason game gaming gameplay ios android football youtube FIFA MOBILE iOS Android Ga,football
923, FR Concours Freebets Trouvez le total de buts inscrits pendant le match x de freebets offerts Rponse pse,football
924,Ill be at for their league game against Kickoff pm Football NonLeague,football
925, fc UK football EmiratesFACup InThIsTogeth,football
926,Angfuni ukuthi umuntu angisukele Anginanhliziyo kulezinsuku Siyadliwa Siyaxetshulwa Akudokwe ligayelwe wena lel,football
927,vs Darlington today in the th qualifier of the FA Cup Win today and its the first round of the FA Cup upthelambs football,football
928,Football Metz FCMetz FCMFCN e journe de un nouveau chapitre,football
929,Song airplane soer grace football chelsea,football
930,Lionel Messi has dominated the last decade of GoldenShoe winners RewardForPassion football footballplayer,football
931,Team Of FIFA ultimateteam football,football
932,Last minute bet EARLY BEAT THE BANKER BET on UKR D FC Ahrobiznes Volochysk Chernomorets Odessa Pick,football
933, FR Concours Freebets Trouvez le total de buts inscrits pendant le match x de freebets offerts Rponse pse,football
934, Tomorrow sees the first of this years Rookie Taster Sessions in Milton Keynes come down and earn your wings nfl america,football
935, What a historic moment Women in Iran can once again enjoy the simplest pleasure in life Watching a football match Ev,football
936, WHAT A GOAL BY RASHFORD football BULENG englandfans FootballPeople goal itv rashford,football
937, Hey If any sports club have spare usable kit or equipment lying around they would be happy to donate to us for recycling,football
938, Tomorrow sees the first of this years Rookie Taster Sessions in Milton Keynes come down and earn your wings nfl america,football
939,Stadium Mestalla Valencia Spain Capacity Opened Team Valencia Stadium Arena,football
940, Instnct Cration du jour pour Officiel reprenant les couleurs du club Inspir du slogan Venu de l eau pour mettre le feu M,football
941, WATCH THIS SPACE Introducing the Avenell Club Arsenal FC s latest offering for private members FitoutByPortview,football
942, WATCH THIS SPACE Introducing the Avenell Club Arsenal FC s latest offering for private members FitoutByPortview,football
943, Hey If any sports club have spare usable kit or equipment lying around they would be happy to donate to us for recycling,football
944,Football SDRMHSC Dpart pour Paris puis Reims Camara,football
945, FR Concours Freebets Trouvez le total de buts inscrits pendant le match x de freebets offerts Rponse pse,football
946, acton WomenInFootball my latest showreel is now up on my YouTube channel go check it out tvpres,football
947,NoRoomForRacism nothin more powerful than maybe white players sayin did u just hear that to a black play,football
948, gt GK with transition pay attention with spaces between each other when outnumbered Stay close Quick transi,football
949, Lets Do This Chop hardworkiskey knowyourcraft football soer bealeader beconfident becommitted trusti,football
950, A l heure du virage bashing on a parl de l importance des supporters et des ultras dans le football avec Pierre Rondeau,football
951, gt GK with transition pay attention with spaces between each other when outnumbered Stay close Quick transi,football
952, We are proud to announce that we are officially sponsors of Auchinleck Talbot Best of luck for the season ahead from all,football
953,We are proud to support the muskegonpublicschools and MHS Big Reds Football Top in the country and in the,football
954,Parc des Princes Paris France Capacity Opened Team PSG Stadium Arena Football Soer,football
955,PSSI Disebut Sudah dalam Jalur yang Tepat soal Kompetisi Indonesia Football,football
956,football Like the look of Bournemouth Chelsea Brentford Juve Barca and A Madrid All Also The,football
957, Hey If any sports club have spare usable kit or equipment lying around they would be happy to donate to us for recycling,football
958, Trois points majeurs qu il faut retenir avant la rencontre sous haute tension entre l et Dijon f,football
959,Todays Bets Aa SoerSaturday Football Bets EPL EFL SPL,football
960, WCU Stats Le parcours remarquable des petits Grenadiers Ils ont pratiquement bimen tout le monde Alaso Haiti,football
961, FR Concours Freebets Trouvez le total de buts inscrits pendant le match x de freebets offerts Rponse pse,football
962,Do you know who wins Make bets and win with us Football win betandwin,football
963, Je vous ai annalys un match pour aujourd hui Fav pour le soutien si l analyse vous plat ParionsSport T,football
964, SSMFL DC v match preview amp recent form guides Clinton striker reveals a,football
965,Saturdays are for sport not politics SuperSaturday EFL premierleague football rugbyworldcup,football
966,fifa football,football
967, We re thrilled to be the official sponsors of and wish them the best of luck in their match vs FC S A,football
968,football soer nfl sports futbol sport like fifa premierleague calcio follow messi,football
969,football soer nfl sports futbol sport like fifa premierleague calcio follow messi,football
970,football soer nfl sports futbol sport like fifa premierleague calcio follow messi,football
971,Morning Tip Tappers games Midday start in for the game Here are the Tip Tap s tip,football
972,football soer nfl sports futbol sport like fifa premierleague calcio follow messi,football
973,Scores prediction heatmap for GAIS Varbergs BoIS FC GAIS VarbergsBoISFC Superettan sportsbetting bettingtips,football
974,Jurgen Klopp on signing Joel Matip In a world of big transfer fees to sign a player like Joel Matip on a free t,football
975, FA Vamooooo SP nos traz sorte vempracastelo GROSSEIROS BlazeFA Bumblebee Football FABR cbfa bfa SalaoOval FABRNe,football
976,PSSI Disebut Sudah dalam Jalur yang Tepat soal Kompetisi Indonesia Football,football
977,redlionstone btsports premierleague football live,football
978,Weekend Premier League football READ OUR BEST BETS before you place a bet this weekend,football
979,redlionstone skysports football live,football
980,Ol Ol Ol Now create your fantasy football team on Paytm First Captains amp win up to Rs Lakhs,football
981,Which team do you think will experience RedMoments tomorrow ManLiv Football EPL RedMoments,football
982,Hassan yebda l un des meilleurs joueurs qu ils ont pass l quipe nationale on t a pas oubli frrot t inquite,football
983,We re big time now in that we seem to have some listeners Join the party here Please listen subscribe,football
984, Exciting times ahead for as they partner with Read the full story below,football
985,iddaa kupon bahis basketbol Basketball NBA futbol football banko iddaatahmin tahmin analiz,football
986,Chelsea Football Club Appoints Arjun Kapoor as The Official Brand Ambassador For India N,football
987, to players short for football in Merthyr tomorrow if nyone wants a game let me know pm until pm Merthyr Football,football
988, Great SAQ drill made by plus fitness at club saq futsal football soer coach coaching Training ht,football
989,Hey If any sports club have spare usable kit or equipment lying around they would be happy to donate to us for rec,football
990,BENJAMN TM vs FC MERCATO fcprimavera fsprimavera fc fs futbol football soer,football
991,Would you like to see the stats you could be using to help your teams win matches Click here to have a play,football
992, Here we go sports fans the game youve all been waiting see Beaminster V Lyme Regis herbsty FOOTBALL,football
993, whatthesport Marcelo Bielsa Responds to Criticism Over Eddie Nketiahs Lack of Game Time football whatthes,football
994,Marcelo Bielsa Responds to Criticism Over Eddie Nketiahs Lack of Game Time football,football
995, Messi Has Done It Again Scorum Messi LionelMessi GoldenShoe Barcelona Spain Arge,football
996, RVMcadeteAfemenino oficial FutFem FutbolFemenino Futbol Football,football
